,precision,recall,f1-score,support
Atelectasis,0.6679298910468972,0.6841339155749636,0.675934803451582,2061.0
Cardiomegaly,0.8654496281271129,0.9295570079883806,0.896358543417367,1377.0
Effusion,0.7806767223807582,0.7690763052208835,0.7748330973093264,2490.0
Pneumonia,0.9554380664652568,0.9723289777094543,0.9638095238095238,1301.0
Normal,0.6592328278322926,0.5560571858540256,0.603265306122449,1329.0
micro avg,0.7786286522148916,0.7722598738022902,0.7754311862020415,8558.0
macro avg,0.7857454271704636,0.7822306784695414,0.7828402548220497,8558.0
weighted avg,0.7748724041560171,0.7722598738022902,0.772654538304811,8558.0
samples avg,0.7231174544710456,0.7380294659300184,0.7206159197871904,8558.0
